scientificName,scientificNameAuthorship,namePublishedInYear
Physaria 'medicinae',Ratcliff & O'Kane,
Physaria acutifolia,Rydberg,1901
Physaria alpestris,Suksdorf,1906
Physaria alpina,Rollins,1981
Physaria bellii,G. A. Mulligan,1966
Physaria brassicoides,Rydberg,1902
Physaria chambersii,Rollins,1939
Physaria condensata,Rollins,1939
Physaria didymocarpa subsp. didymocarpa,(Hooker) A. Gray,1848
Physaria didymocarpa subsp. lanata,(Hooker) A. Gray | (A. Nelson) O'Kane,2007
Physaria didymocarpa subsp. lyrata,(Hooker) A. Gray | (C. L. Hitchcock) O'Kane,2007
Physaria dornii,Lichvar,1983
Physaria eburniflora,Rollins,1981
Physaria fendleri,(A. Gray) O'Kane & Al-Shehbaz,2002
Physaria floribunda subsp. floribunda,Rydberg,1901
Physaria floribunda subsp. osterhoutii,(Payson) O'Kane,2007
Physaria geyeri subsp. geyeri,(Hooker) A. Gray,1848
Physaria grahamii,C. V. Morton,1937
Physaria hitchcockii subsp. rubicundula,(Munz) O'Kane & Al-Shehbaz | (Rollins) O'Kane & Al-Shehbaz,2002
Physaria integrifolia,(Rollins) Lichvar,1984
Physaria mutliceps,(Maguire) O'Kane & Al-Shehbaz,2002
Physaria obcordata,Rollins,1983
Physaria rollinsii,G. A. Mulligan,1966
Physaria vitulifera,Rydberg,1901